id,first_name,last_name,email,ip_address
1,Raynell,Legendre,rlegendre0@deliciousdays.com,14.160.248.25
2,Hussein,Husby,hhusby1@netscape.com,154.91.48.114
3,Dalston,Speaks,dspeaks2@google.ca,50.151.126.181
4,Harris,Ebrall,hebrall3@ucla.edu,15.109.150.28
5,Verena,Rasor,vrasor4@nifty.com,153.224.73.191
6,Tanny,Abbyss,tabbyss5@dailymail.co.uk,8.161.89.5
7,Mirabel,Kiddie,mkiddie6@posterous.com,33.144.98.156
8,Livia,Scad,lscad7@merriam-webster.com,112.45.59.229
9,Rolland,Burwin,rburwin8@360.cn,44.230.85.237
10,Pierette,Snowsill,psnowsill9@about.com,153.216.114.1
11,Annnora,Laidel,alaidela@mozilla.org,115.38.145.93
12,Ignace,Sousa,isousab@spiegel.de,231.246.107.89
13,Yettie,Spires,yspiresc@usa.gov,114.162.105.119
14,Chrotoem,Sirmond,csirmondd@sfgate.com,98.86.53.224
15,Andree,Barkly,abarklye@indiatimes.com,103.36.235.209
16,Arel,Blandamore,ablandamoref@cbc.ca,252.168.192.248
17,Kinnie,Celier,kcelierg@alibaba.com,139.30.237.39
18,Guy,Sedgebeer,gsedgebeerh@reddit.com,235.85.172.69
19,Dasya,Georgeau,dgeorgeaui@yelp.com,188.17.132.232
20,Shem,Treffry,streffryj@nba.com,115.184.134.243
21,Bobinette,Hallam,bhallamk@dailymotion.com,245.114.125.61
22,Mozelle,Ickowics,mickowicsl@unblog.fr,22.210.208.110
23,Welch,Symes,wsymesm@technorati.com,154.9.212.218
24,Leslie,Badcock,lbadcockn@about.com,133.184.56.36
25,Jemimah,Pickup,jpickupo@baidu.com,120.92.230.182
26,Audra,Wennam,awennamp@i2i.jp,128.106.176.37
27,Sibby,Poltun,spoltunq@arstechnica.com,13.45.216.41
28,Mychal,Paulusch,mpauluschr@omniture.com,176.35.213.192
29,Samara,Ramsbotham,sramsbothams@shinystat.com,205.99.128.202
30,Freida,Blackett,fblackettt@baidu.com,194.74.86.72
31,Bathsheba,Glawsop,bglawsopu@elegantthemes.com,232.121.197.83
32,Lurlene,Huggens,lhuggensv@ca.gov,247.251.118.82
33,Kaspar,Bravington,kbravingtonw@webeden.co.uk,240.16.37.126
34,Rici,Watkin,rwatkinx@simplemachines.org,141.144.72.139
35,Wes,Loffhead,wloffheady@php.net,190.6.192.109
36,Dieter,McVity,dmcvityz@npr.org,80.125.34.32
37,Courtnay,De Witt,cdewitt10@desdev.cn,68.233.84.127
38,Lisa,Bolgar,lbolgar11@tamu.edu,115.203.176.167
39,Irving,Frain,ifrain12@google.com.br,15.135.101.24
40,Bentlee,Dally,bdally13@cocolog-nifty.com,137.57.241.94
41,Penelopa,Peperell,ppeperell14@trellian.com,30.60.192.46
42,Cherilynn,Mallows,cmallows15@home.pl,199.213.177.205
43,Jermaine,Chellam,jchellam16@hibu.com,36.75.126.22
44,Clo,Corradengo,ccorradengo17@imdb.com,210.140.82.15
45,Marcile,Yewen,myewen18@miitbeian.gov.cn,4.48.14.58
46,Loraine,Bountiff,lbountiff19@rambler.ru,171.98.152.18
47,Cecil,O'Neal,coneal1a@indiegogo.com,55.170.73.101
48,Franky,Sarsons,fsarsons1b@scribd.com,114.151.157.149
49,Keen,Ubach,kubach1c@ca.gov,6.221.203.233
50,Marcelline,Zealander,mzealander1d@github.com,95.83.213.6
51,Consuela,Kulic,ckulic1e@miibeian.gov.cn,150.119.214.5
52,Anstice,Gilbody,agilbody1f@nifty.com,165.213.106.8
53,Marmaduke,Sprigin,msprigin1g@kickstarter.com,88.239.50.38
54,Myrta,Connors,mconnors1h@usatoday.com,88.77.14.75
55,Jorgan,Olney,jolney1i@usatoday.com,13.250.210.128
56,Emmie,Jewis,ejewis1j@usatoday.com,147.122.144.70
57,Teri,Cothey,tcothey1k@bluehost.com,225.193.73.75
58,Jaymie,Stenbridge,jstenbridge1l@multiply.com,127.76.168.64
59,Rodolph,Foxon,rfoxon1m@liveinternet.ru,129.246.74.211
60,Shaw,Kondratovich,skondratovich1n@oracle.com,22.248.90.80
61,Brandise,Hannum,bhannum1o@wikipedia.org,135.10.27.162
62,Marguerite,Manilo,mmanilo1p@nationalgeographic.com,103.205.192.12
63,Karalynn,Klimp,kklimp1q@wikipedia.org,115.16.200.48
64,Francklin,Duffield,fduffield1r@boston.com,148.64.10.107
65,Harley,Cramp,hcramp1s@elpais.com,237.146.159.74
66,Alwyn,Seacombe,aseacombe1t@huffingtonpost.com,193.213.106.161
67,Carlen,Mellsop,cmellsop1u@google.com.br,230.197.58.135
68,Jorey,Andrag,jandrag1v@paypal.com,254.123.109.224
69,Carr,Guerin,cguerin1w@youku.com,87.198.161.126
70,Lalo,Loveless,lloveless1x@slate.com,208.112.88.15
71,Jackie,Deverall,jdeverall1y@gmpg.org,169.175.177.165
72,Alyda,Plaunch,aplaunch1z@fema.gov,231.204.212.37
73,Bevin,Scandrick,bscandrick20@reference.com,236.196.24.123
74,Margaretta,Ridler,mridler21@imgur.com,130.248.153.77
75,Gilburt,Beney,gbeney22@163.com,240.83.102.122
76,Luke,Branford,lbranford23@bloglines.com,160.57.170.178
77,Gena,Deas,gdeas24@businesswire.com,19.153.91.24
78,Ardenia,Blabey,ablabey25@macromedia.com,197.176.146.34
79,Melva,Houdhury,mhoudhury26@woothemes.com,209.123.213.145
80,Jodi,Karlik,jkarlik27@ibm.com,153.243.129.233
